id,first_name,last_name,email,gender,payment
1,Rogerio,Sercombe,rsercombe0@utexas.edu,Female,card
2,Lauri,Bonicelli,lbonicelli1@123-reg.co.uk,Male,card
3,Bethanne,Barendtsen,bbarendtsen2@etsy.com,Female,card
4,Derrik,Perroni,dperroni3@smugmug.com,Female,cash
5,Kizzee,Plaxton,kplaxton4@fema.gov,Female,gift_certificate
6,Kellia,Trowsdall,ktrowsdall5@ycombinator.com,Male,gift_certificate
7,Lind,Maiden,lmaiden6@senate.gov,Male,gift_certificate
8,Ambur,Boydle,aboydle7@trellian.com,Male,card
9,Pansie,Laroux,plaroux8@istockphoto.com,Female,cash
10,Winne,Schoenrock,wschoenrock9@ovh.net,Female,gift_certificate
11,Isiahi,Tedridge,itedridgea@chronoengine.com,Non-binary,card
12,Gilbertina,Janaway,gjanawayb@chron.com,Female,cash
13,Betsy,Daughtery,bdaughteryc@nytimes.com,Male,card
14,Ring,Fullalove,rfullaloved@utexas.edu,Male,gift_certificate
15,Chris,Trahearn,ctrahearne@discovery.com,Polygender,gift_certificate
16,Lynea,Baccas,lbaccasf@opera.com,Male,gift_certificate
17,Sophey,Melmore,smelmoreg@studiopress.com,Male,gift_certificate
18,Phylis,Spilsted,pspilstedh@ycombinator.com,Female,cash
19,Boot,Casterton,bcastertoni@jalbum.net,Female,card
20,Audre,Balden,abaldenj@tiny.cc,Genderqueer,cash
21,Asia,Alstead,aalsteadk@bloglines.com,Female,gift_certificate
22,Derrik,Stendall,dstendalll@unblog.fr,Male,card
23,Val,Rubi,vrubim@geocities.jp,Male,gift_certificate
24,Valma,Gidley,vgidleyn@pen.io,Non-binary,cash
25,Rodolphe,Feldon,rfeldono@wiley.com,Female,gift_certificate
26,Farrel,Dimitrov,fdimitrovp@plala.or.jp,Male,cash
27,Nathalie,Ezele,nezeleq@whitehouse.gov,Agender,gift_certificate
28,Chloe,McPhilemy,cmcphilemyr@seattletimes.com,Female,card
29,Jaimie,Dalrymple,jdalrymples@biblegateway.com,Male,card
30,Caria,Barnwell,cbarnwellt@ustream.tv,Male,cash
31,Caron,Pickerin,cpickerinu@unesco.org,Female,gift_certificate
32,Constantin,Hardwell,chardwellv@adobe.com,Female,card
33,Shauna,Pettyfer,spettyferw@friendfeed.com,Female,cash
34,Pierson,Beldam,pbeldamx@blogs.com,Female,cash
35,Harlie,Marzelo,hmarzeloy@photobucket.com,Female,cash
36,Heidi,Blowen,hblowenz@tumblr.com,Male,cash
37,Jemmy,Bulpitt,jbulpitt10@sun.com,Bigender,card
38,Kriste,McShea,kmcshea11@geocities.com,Male,gift_certificate
39,Giacopo,McMillam,gmcmillam12@wp.com,Female,card
40,Luke,Spata,lspata13@angelfire.com,Female,cash
41,Pavia,Simpole,psimpole14@mediafire.com,Male,cash
42,Blythe,Le Marquis,blemarquis15@homestead.com,Non-binary,card
43,Manny,Hoffmann,mhoffmann16@shutterfly.com,Male,gift_certificate
44,Goober,Fishbourn,gfishbourn17@jiathis.com,Male,cash
45,Wilbur,Fawbert,wfawbert18@comsenz.com,Male,gift_certificate
46,Rufe,Van Der Weedenburg,rvanderweedenburg19@joomla.org,Female,gift_certificate
47,Leisha,Braundt,lbraundt1a@ted.com,Male,cash
48,Marleen,Meachen,mmeachen1b@cbslocal.com,Female,gift_certificate
49,Janina,Southard,jsouthard1c@nasa.gov,Female,gift_certificate
50,Alaric,Offin,aoffin1d@mit.edu,Female,gift_certificate
51,Diana,Lighten,dlighten1e@who.int,Non-binary,gift_certificate
52,Dell,Sahlstrom,dsahlstrom1f@guardian.co.uk,Male,gift_certificate
53,Alvera,Connachan,aconnachan1g@sina.com.cn,Male,cash
54,Brant,Westhofer,bwesthofer1h@amazon.de,Male,gift_certificate
55,Raul,Fetteplace,rfetteplace1i@yolasite.com,Female,gift_certificate
56,Raven,Prate,rprate1j@woothemes.com,Male,gift_certificate
57,Andrey,Bellsham,abellsham1k@amazon.co.jp,Male,gift_certificate
58,Aron,Manon,amanon1l@t-online.de,Bigender,gift_certificate
59,Rhianon,Petrello,rpetrello1m@guardian.co.uk,Non-binary,card
60,Javier,Weightman,jweightman1n@discovery.com,Agender,gift_certificate
61,Ora,Ortas,oortas1o@nifty.com,Female,cash
62,Tedmund,Shambrook,tshambrook1p@last.fm,Female,cash
63,Tricia,Pauer,tpauer1q@hao123.com,Male,card
64,Jonell,Franckton,jfranckton1r@reuters.com,Female,gift_certificate
65,Janeta,Glander,jglander1s@google.es,Female,cash
66,Pru,Pinches,ppinches1t@domainmarket.com,Female,gift_certificate
67,Dionysus,Holtum,dholtum1u@jigsy.com,Male,cash
68,Rik,Hain,rhain1v@histats.com,Female,card
69,Ardelle,Talby,atalby1w@1688.com,Male,gift_certificate
70,Katrinka,Cannavan,kcannavan1x@ezinearticles.com,Female,gift_certificate
71,Frederica,Aitken,faitken1y@dion.ne.jp,Male,card
72,Zaccaria,Gertz,zgertz1z@blogs.com,Male,card
73,Ferris,Paunton,fpaunton20@ocn.ne.jp,Female,cash
74,Jannel,Cridge,jcridge21@phoca.cz,Male,cash
75,Gwyn,Knellen,gknellen22@stanford.edu,Female,gift_certificate
76,Leta,Easson,leasson23@furl.net,Female,gift_certificate
77,Thom,Devin,tdevin24@friendfeed.com,Male,card
78,Dylan,Stirley,dstirley25@vimeo.com,Male,gift_certificate
79,Emelen,Beazey,ebeazey26@geocities.com,Male,cash
80,Adiana,Ruspine,aruspine27@amazonaws.com,Male,gift_certificate
81,Brier,Skilbeck,bskilbeck28@forbes.com,Male,cash
82,Lanny,Sheward,lsheward29@github.com,Male,card
83,Sheffield,Olanda,solanda2a@odnoklassniki.ru,Bigender,gift_certificate
84,Aubree,Lartice,alartice2b@unc.edu,Genderfluid,cash
85,Carlyle,Lecky,clecky2c@merriam-webster.com,Female,gift_certificate
86,Zachariah,Swallwell,zswallwell2d@sogou.com,Male,card
87,Briggs,Bonass,bbonass2e@gravatar.com,Female,card
88,Guglielma,Lower,glower2f@jiathis.com,Male,gift_certificate
89,Trumaine,Bownas,tbownas2g@time.com,Female,cash
90,Elle,Brainsby,ebrainsby2h@reference.com,Male,card
91,Pierre,Drakes,pdrakes2i@angelfire.com,Genderfluid,gift_certificate
92,Angela,Turpey,aturpey2j@nature.com,Female,cash
93,Alicia,Annatt,aannatt2k@ustream.tv,Male,card
94,Dyann,Gascoine,dgascoine2l@g.co,Female,cash
95,Marget,Jerzyk,mjerzyk2m@stumbleupon.com,Female,gift_certificate
96,Aryn,Kidson,akidson2n@arstechnica.com,Male,card
97,Hobie,Stanier,hstanier2o@wp.com,Male,cash
98,Matthew,Spurrier,mspurrier2p@newsvine.com,Male,gift_certificate
99,Arther,Allderidge,aallderidge2q@blogspot.com,Male,cash
100,Kym,Redish,kredish2r@army.mil,Male,gift_certificate
101,Harlie,Ivashnikov,hivashnikov2s@bigcartel.com,Female,card
102,Sander,McGlaughn,smcglaughn2t@t-online.de,Male,card
103,Gabbey,Hibbart,ghibbart2u@studiopress.com,Male,cash
104,Keary,Crossland,kcrossland2v@cnbc.com,Non-binary,card
105,Debera,Battrick,dbattrick2w@fotki.com,Female,card
106,Nadeen,Auckland,nauckland2x@clickbank.net,Male,card
107,Murial,Lilleycrop,mlilleycrop2y@edublogs.org,Male,cash
108,Josefa,Serjeantson,jserjeantson2z@t-online.de,Female,gift_certificate
109,Olly,Carter,ocarter30@yale.edu,Male,cash
110,Malina,Milson,mmilson31@mail.ru,Male,gift_certificate
111,Carlos,Rocco,crocco32@nytimes.com,Male,card
112,Lotta,Neilly,lneilly33@paypal.com,Female,gift_certificate
113,Kaitlyn,Maundrell,kmaundrell34@dailymotion.com,Female,cash
114,Lynne,Shoveller,lshoveller35@google.com.hk,Female,gift_certificate
115,Hyacinth,Belden,hbelden36@bbc.co.uk,Female,gift_certificate
116,Lorenza,Reboulet,lreboulet37@php.net,Female,cash
117,Janelle,Mithon,jmithon38@harvard.edu,Female,cash
118,Sissie,Threadgold,sthreadgold39@1und1.de,Female,cash
119,Enriqueta,Choffin,echoffin3a@facebook.com,Male,gift_certificate
120,Dorian,Menlove,dmenlove3b@histats.com,Female,gift_certificate
121,Katya,Yoselevitch,kyoselevitch3c@fda.gov,Male,card
122,Jessalyn,Bysshe,jbysshe3d@furl.net,Male,gift_certificate
123,Delores,Paulusch,dpaulusch3e@constantcontact.com,Female,cash
124,Tandy,Gidley,tgidley3f@fema.gov,Female,card
125,Rik,de Savery,rdesavery3g@google.com.hk,Female,cash
126,Ainsley,Abels,aabels3h@webmd.com,Male,cash
127,Lynea,Youster,lyouster3i@oracle.com,Female,gift_certificate
128,Auberta,Hordell,ahordell3j@soup.io,Male,gift_certificate
129,Cristiano,Elderkin,celderkin3k@lulu.com,Male,gift_certificate
130,Allianora,Filde,afilde3l@desdev.cn,Female,card
131,Sherwood,Crossfield,scrossfield3m@blogspot.com,Male,cash
132,Guinna,Penniall,gpenniall3n@cyberchimps.com,Female,cash
133,Gilly,Cready,gcready3o@163.com,Male,card
134,Edeline,Annes,eannes3p@icq.com,Female,card
135,Ailey,Mell,amell3q@psu.edu,Female,gift_certificate
136,Aldric,Kalb,akalb3r@free.fr,Bigender,cash
137,Cross,Cotillard,ccotillard3s@dropbox.com,Female,cash
138,Tomas,Leverington,tleverington3t@homestead.com,Genderfluid,cash
139,Oates,Lampke,olampke3u@hubpages.com,Male,gift_certificate
140,Angy,Roan,aroan3v@yelp.com,Male,card
141,Miltie,Torrisi,mtorrisi3w@yelp.com,Male,gift_certificate
142,Petr,Triggel,ptriggel3x@discovery.com,Female,card
143,Gerik,Wilber,gwilber3y@nbcnews.com,Male,card
144,Morrie,Sneesbie,msneesbie3z@spiegel.de,Male,gift_certificate
145,Lorrie,Newens,lnewens40@goodreads.com,Female,cash
146,Zak,Stainfield,zstainfield41@1688.com,Female,gift_certificate
147,Chiquita,Wedge,cwedge42@topsy.com,Female,gift_certificate
148,Hoyt,Stennett,hstennett43@bloglovin.com,Male,card
149,Adele,Charkham,acharkham44@hhs.gov,Male,cash
150,Keely,Athridge,kathridge45@skype.com,Male,gift_certificate
151,Coretta,Bubbings,cbubbings46@reverbnation.com,Male,cash
152,Harmony,Janczyk,hjanczyk47@eepurl.com,Male,gift_certificate
153,Dee dee,McKeighan,dmckeighan48@zdnet.com,Female,cash
154,Lynea,Kunert,lkunert49@nyu.edu,Genderqueer,gift_certificate
155,Emlynn,Kiffin,ekiffin4a@google.cn,Female,card
156,Chelsae,Raynes,craynes4b@businessinsider.com,Male,gift_certificate
157,Forster,Yitshak,fyitshak4c@naver.com,Female,card
158,Abner,Kensington,akensington4d@e-recht24.de,Female,card
159,Brandon,Ebbers,bebbers4e@alibaba.com,Male,cash
160,Annis,Kynder,akynder4f@live.com,Non-binary,cash
161,Wynnie,Lindeboom,wlindeboom4g@japanpost.jp,Male,gift_certificate
162,Meghan,Batterbee,mbatterbee4h@last.fm,Male,gift_certificate
163,Rodge,MacDuff,rmacduff4i@amazon.de,Male,cash
164,Wilmette,Kinker,wkinker4j@ifeng.com,Female,gift_certificate
165,Pebrook,Defont,pdefont4k@dyndns.org,Female,cash
166,Jim,Muddiman,jmuddiman4l@xrea.com,Male,card
167,Lissie,Adamczewski,ladamczewski4m@hao123.com,Female,cash
168,Diahann,Coronado,dcoronado4n@reddit.com,Genderqueer,gift_certificate
169,Sheelagh,Tripon,stripon4o@mashable.com,Female,gift_certificate
170,Wernher,Pearl,wpearl4p@is.gd,Male,card
171,Buiron,Allanson,ballanson4q@purevolume.com,Male,cash
172,Preston,Scherme,pscherme4r@dagondesign.com,Female,gift_certificate
173,Archibald,Traynor,atraynor4s@msu.edu,Female,gift_certificate
174,Webb,Brookz,wbrookz4t@skype.com,Male,gift_certificate
175,Simonette,Izaac,sizaac4u@oakley.com,Female,cash
176,Vasily,Mellonby,vmellonby4v@netlog.com,Female,gift_certificate
177,Odette,Giffin,ogiffin4w@usda.gov,Male,gift_certificate
178,Bonnie,Guppey,bguppey4x@state.gov,Male,gift_certificate
179,Belia,Andrusov,bandrusov4y@va.gov,Female,gift_certificate
180,Wendel,Hanbury,whanbury4z@cnbc.com,Female,gift_certificate
181,Gherardo,Brock,gbrock50@cnbc.com,Polygender,cash
182,Miof mela,Grigoliis,mgrigoliis51@smugmug.com,Male,gift_certificate
183,Maryanne,Figgins,mfiggins52@zimbio.com,Male,cash
184,Annalee,Lissandri,alissandri53@discovery.com,Non-binary,card
185,Gasparo,Broggelli,gbroggelli54@shutterfly.com,Female,card
186,Durand,Mallabund,dmallabund55@dailymail.co.uk,Male,cash
187,Siegfried,Irons,sirons56@hostgator.com,Female,gift_certificate
188,Kassia,Burgett,kburgett57@guardian.co.uk,Female,gift_certificate
189,Karleen,Mayward,kmayward58@state.tx.us,Female,card
190,Dorthea,Weatherley,dweatherley59@google.ca,Female,gift_certificate
191,Tallie,Spinola,tspinola5a@zimbio.com,Female,card
192,Ansley,Bridgnell,abridgnell5b@about.me,Female,cash
193,Arlyne,Derrington,aderrington5c@smugmug.com,Male,card
194,Georgette,Dewey,gdewey5d@time.com,Female,gift_certificate
195,Mead,Goakes,mgoakes5e@google.pl,Male,cash
196,Rowney,Neasham,rneasham5f@paginegialle.it,Female,card
197,Moina,Carlone,mcarlone5g@wikimedia.org,Male,cash
198,Bary,Seid,bseid5h@upenn.edu,Male,card
199,Tann,Goracci,tgoracci5i@webs.com,Female,card
200,Tabby,Winterburn,twinterburn5j@lycos.com,Male,gift_certificate
201,Sully,Itzkovitch,sitzkovitch5k@etsy.com,Male,cash
202,Henrietta,Roose,hroose5l@vk.com,Agender,cash
203,Joey,Derkes,jderkes5m@mit.edu,Female,card
204,Chiarra,Boolsen,cboolsen5n@illinois.edu,Female,cash
205,Pete,Ivatts,pivatts5o@yelp.com,Female,card
206,Arther,Spriddle,aspriddle5p@microsoft.com,Female,cash
207,Candi,Roscow,croscow5q@nationalgeographic.com,Female,cash
208,Denni,Taillant,dtaillant5r@webs.com,Male,cash
209,Taddeo,Cheater,tcheater5s@answers.com,Female,gift_certificate
210,Quintilla,Smiz,qsmiz5t@rakuten.co.jp,Female,gift_certificate
211,Zora,Behnke,zbehnke5u@domainmarket.com,Female,cash
212,Blinny,Corey,bcorey5v@unc.edu,Female,gift_certificate
213,Colly,De Bruin,cdebruin5w@cloudflare.com,Male,card
214,Neile,Sonschein,nsonschein5x@wix.com,Female,card
215,Gertrudis,Elstob,gelstob5y@oracle.com,Female,card
216,Caresse,Ferreres,cferreres5z@yale.edu,Male,gift_certificate
217,Gibbie,Lamprey,glamprey60@furl.net,Female,gift_certificate
218,Shirlene,Wix,swix61@homestead.com,Female,cash
219,Lemar,Petrakov,lpetrakov62@imdb.com,Female,card
220,Sheffie,Hathorn,shathorn63@hao123.com,Female,cash
221,Blanche,Roby,broby64@oracle.com,Female,card
222,Maddy,McSporon,mmcsporon65@narod.ru,Male,card
223,Hyacinthe,Boulsher,hboulsher66@army.mil,Female,cash
224,Giralda,Lamonby,glamonby67@e-recht24.de,Female,gift_certificate
225,Catharine,Iianon,ciianon68@oracle.com,Male,card
226,Elvira,Brightey,ebrightey69@statcounter.com,Female,cash
227,Helli,Buncombe,hbuncombe6a@sakura.ne.jp,Female,gift_certificate
228,Gnni,Whieldon,gwhieldon6b@posterous.com,Male,cash
229,Otto,Leate,oleate6c@ibm.com,Female,cash
230,Jermaine,Kennedy,jkennedy6d@github.io,Female,cash
231,Hilliard,Haliburn,hhaliburn6e@goo.gl,Female,card
232,Jamey,Galletley,jgalletley6f@admin.ch,Male,gift_certificate
233,Barbe,Grassin,bgrassin6g@pcworld.com,Female,cash
234,Brad,Pleming,bpleming6h@homestead.com,Female,cash
235,Fee,Willatts,fwillatts6i@globo.com,Female,cash
236,Bendick,Dourin,bdourin6j@zdnet.com,Female,gift_certificate
237,Suzanna,Copplestone,scopplestone6k@flickr.com,Male,cash
238,Marris,Bauer,mbauer6l@craigslist.org,Female,cash
239,Karlik,Hamblin,khamblin6m@jimdo.com,Female,card
240,Bowie,Gawn,bgawn6n@vk.com,Female,cash
241,Rea,Dent,rdent6o@va.gov,Female,card
242,Peri,Pach,ppach6p@cnn.com,Male,cash
243,Bobine,Collett,bcollett6q@mapy.cz,Female,cash
244,Tatiana,Maddams,tmaddams6r@deliciousdays.com,Female,cash
245,Timi,Stoak,tstoak6s@buzzfeed.com,Genderqueer,card
246,Zebedee,Stebbins,zstebbins6t@dagondesign.com,Male,card
247,Glenna,Edmeads,gedmeads6u@reverbnation.com,Male,cash
248,Theressa,Love,tlove6v@ocn.ne.jp,Male,gift_certificate
249,Lynea,Vasiliu,lvasiliu6w@merriam-webster.com,Female,card
250,Connie,Caroll,ccaroll6x@aboutads.info,Female,card
251,Stacy,Hammond,shammond6y@zimbio.com,Male,cash
252,Vergil,Tuckey,vtuckey6z@bizjournals.com,Male,card
253,Perren,Sprott,psprott70@jugem.jp,Female,gift_certificate
254,Sutton,Lightbourn,slightbourn71@istockphoto.com,Polygender,card
255,Rozina,Poulton,rpoulton72@shareasale.com,Female,card
256,Trish,Shortland,tshortland73@indiegogo.com,Female,cash
257,Joya,Spincks,jspincks74@dyndns.org,Male,cash
258,Fax,Cattermoul,fcattermoul75@chronoengine.com,Male,card
259,Patrice,Willoughby,pwilloughby76@timesonline.co.uk,Female,cash
260,Keeley,Jellman,kjellman77@tumblr.com,Non-binary,gift_certificate
261,Lucy,Forstall,lforstall78@china.com.cn,Male,cash
262,Hatty,Zanassi,hzanassi79@about.com,Female,card
263,Valentino,Reignould,vreignould7a@wunderground.com,Male,cash
264,Joy,Overstall,joverstall7b@boston.com,Female,cash
265,Haroun,Scottini,hscottini7c@deviantart.com,Male,card
266,August,Beardon,abeardon7d@ucsd.edu,Female,gift_certificate
267,Thibaut,Arter,tarter7e@dailymotion.com,Female,cash
268,Keane,Van Hault,kvanhault7f@godaddy.com,Non-binary,card
269,Gusty,Levick,glevick7g@themeforest.net,Female,card
270,Sarge,Pawlata,spawlata7h@nature.com,Male,card
271,Alana,Borg,aborg7i@fastcompany.com,Male,cash
272,Margo,Fusedale,mfusedale7j@irs.gov,Male,cash
273,Agata,Reddihough,areddihough7k@cafepress.com,Male,card
274,Christian,Kealy,ckealy7l@issuu.com,Female,gift_certificate
275,Rachele,Saltmarsh,rsaltmarsh7m@irs.gov,Male,cash
276,Konrad,Philippsohn,kphilippsohn7n@nationalgeographic.com,Bigender,gift_certificate
277,Tammara,Drinan,tdrinan7o@fc2.com,Male,cash
278,Moreen,Sullivan,msullivan7p@ustream.tv,Female,card
279,Cass,Cutbush,ccutbush7q@youtube.com,Polygender,card
280,Earl,Dieton,edieton7r@abc.net.au,Polygender,card
281,Clarita,Domek,cdomek7s@cmu.edu,Male,gift_certificate
282,Nevin,Buzek,nbuzek7t@delicious.com,Polygender,gift_certificate
283,Dorelia,Alwen,dalwen7u@51.la,Female,cash
284,Imogene,Anwell,ianwell7v@geocities.com,Male,cash
285,Culley,Battie,cbattie7w@hubpages.com,Male,gift_certificate
286,Duke,Cahey,dcahey7x@oakley.com,Female,card
287,Calv,Hizir,chizir7y@va.gov,Female,gift_certificate
288,Clarine,Schwerin,cschwerin7z@xing.com,Non-binary,card
289,Ameline,Oleszczak,aoleszczak80@gnu.org,Male,cash
290,Lindsay,Izhak,lizhak81@google.com.br,Male,cash
291,Zachary,Conws,zconws82@netscape.com,Male,card
292,Desdemona,Wallsam,dwallsam83@amazonaws.com,Male,card
293,Ann-marie,Sheaf,asheaf84@tinyurl.com,Female,cash
294,Harman,McAndie,hmcandie85@archive.org,Agender,card
295,Townie,Mansour,tmansour86@ted.com,Male,cash
296,Lezley,Luxmoore,lluxmoore87@booking.com,Female,cash
297,Kennie,Lyptratt,klyptratt88@wikimedia.org,Male,card
298,Torin,Sowerbutts,tsowerbutts89@uol.com.br,Male,card
299,Karon,Jiggins,kjiggins8a@howstuffworks.com,Polygender,card
300,Hamlen,Loader,hloader8b@moonfruit.com,Female,cash
301,Kelley,Kneath,kkneath8c@squidoo.com,Female,cash
302,Leslie,Tomasoni,ltomasoni8d@slideshare.net,Agender,card
303,Rudolfo,Tattam,rtattam8e@spotify.com,Male,gift_certificate
304,Lyndsay,Huelin,lhuelin8f@example.com,Female,card
305,Joellen,Kowalski,jkowalski8g@slideshare.net,Female,card
306,Petrina,Trighton,ptrighton8h@constantcontact.com,Female,gift_certificate
307,Meg,Monahan,mmonahan8i@umich.edu,Female,card
308,Adela,Cuberley,acuberley8j@nih.gov,Female,cash
309,Carson,Gilhooly,cgilhooly8k@epa.gov,Female,gift_certificate
310,Aimee,Simioli,asimioli8l@cafepress.com,Female,gift_certificate
311,Leonelle,Gatus,lgatus8m@nature.com,Agender,gift_certificate
312,Sybilla,Chaddock,schaddock8n@wikipedia.org,Female,gift_certificate
313,Clementia,Beagles,cbeagles8o@twitter.com,Male,gift_certificate
314,Sheba,Harden,sharden8p@google.it,Female,gift_certificate
315,Hendrika,Yuryev,hyuryev8q@g.co,Male,cash
316,Harlene,Ciobutaru,hciobutaru8r@360.cn,Male,gift_certificate
317,Donielle,Rewcassell,drewcassell8s@mashable.com,Male,cash
318,Mark,Badman,mbadman8t@berkeley.edu,Female,cash
319,Franz,Kneale,fkneale8u@naver.com,Female,gift_certificate
320,Salli,Maginn,smaginn8v@nps.gov,Female,card
321,Dara,Dickons,ddickons8w@blogs.com,Female,card
322,Eolanda,Lamblin,elamblin8x@linkedin.com,Female,gift_certificate
323,Tabby,McIlroy,tmcilroy8y@networkadvertising.org,Male,card
324,Moreen,Verbeke,mverbeke8z@newsvine.com,Female,gift_certificate
325,Linn,Versey,lversey90@blogs.com,Female,cash
326,Dirk,Scough,dscough91@narod.ru,Male,card
327,Staford,Vahl,svahl92@squarespace.com,Female,cash
328,Flori,Bretland,fbretland93@dropbox.com,Female,cash
329,Hubey,Dodamead,hdodamead94@businessweek.com,Male,card
330,Worden,Littlemore,wlittlemore95@bbc.co.uk,Male,card
331,Tally,Hewertson,thewertson96@soup.io,Female,gift_certificate
332,Stan,Saich,ssaich97@blinklist.com,Male,cash
333,Hamilton,Cammell,hcammell98@ifeng.com,Male,gift_certificate
334,Janeta,Kabsch,jkabsch99@privacy.gov.au,Male,gift_certificate
335,Casey,Giveen,cgiveen9a@elpais.com,Non-binary,cash
336,Von,Armstrong,varmstrong9b@jimdo.com,Male,card
337,Jessie,Acock,jacock9c@loc.gov,Male,card
338,Kania,Pech,kpech9d@japanpost.jp,Male,card
339,Luisa,Kaser,lkaser9e@apache.org,Genderfluid,card
340,Huntlee,Amberson,hamberson9f@istockphoto.com,Female,cash
341,Adey,Corpes,acorpes9g@google.co.uk,Female,cash
342,Mikey,Gaffon,mgaffon9h@wikia.com,Female,cash
343,Nanon,Sutch,nsutch9i@bluehost.com,Male,card
344,Gabriella,Peaurt,gpeaurt9j@theatlantic.com,Male,gift_certificate
345,Lilias,Caile,lcaile9k@ow.ly,Non-binary,card
346,Billy,Shemelt,bshemelt9l@google.nl,Female,card
347,Giuseppe,Gibbings,ggibbings9m@epa.gov,Female,card
348,Christoper,De Simoni,cdesimoni9n@prnewswire.com,Male,cash
349,Annissa,Soans,asoans9o@purevolume.com,Female,card
350,Perri,Clarkin,pclarkin9p@kickstarter.com,Male,card
351,Caterina,Trustey,ctrustey9q@europa.eu,Female,gift_certificate
352,Blanche,Quilligan,bquilligan9r@newyorker.com,Female,card
353,Meier,Kinsella,mkinsella9s@woothemes.com,Male,card
354,Ron,Huetson,rhuetson9t@zimbio.com,Male,cash
355,Nicolas,Craxford,ncraxford9u@wiley.com,Male,cash
356,Carolina,Bentinck,cbentinck9v@godaddy.com,Male,card
357,Concordia,Denerley,cdenerley9w@people.com.cn,Female,cash
358,Barnabas,Mercik,bmercik9x@bandcamp.com,Female,gift_certificate
359,Beret,Lackington,blackington9y@go.com,Female,gift_certificate
360,Enrichetta,Flaunders,eflaunders9z@tripod.com,Female,cash
361,Sadye,Hawarden,shawardena0@senate.gov,Female,cash
362,Caty,Betz,cbetza1@addtoany.com,Female,gift_certificate
363,Jesus,Balden,jbaldena2@npr.org,Male,gift_certificate
364,Daveen,Attawell,dattawella3@over-blog.com,Male,gift_certificate
365,Edwina,Zanolli,ezanollia4@bizjournals.com,Genderqueer,card
366,Morgan,Dosdill,mdosdilla5@homestead.com,Agender,gift_certificate
367,Janetta,Elson,jelsona6@cyberchimps.com,Genderqueer,card
368,Ira,Maplethorp,imaplethorpa7@webmd.com,Male,gift_certificate
369,Westleigh,Tonepohl,wtonepohla8@studiopress.com,Male,card
370,Kevin,Dunks,kdunksa9@oracle.com,Female,gift_certificate
371,Drucie,Greyes,dgreyesaa@a8.net,Genderfluid,cash
372,Idalina,Duly,idulyab@chron.com,Male,card
373,Padriac,Duval,pduvalac@bbb.org,Female,cash
374,Damaris,Lavalle,dlavallead@goo.ne.jp,Female,gift_certificate
375,Mace,Benoist,mbenoistae@auda.org.au,Male,card
376,Parker,Foxley,pfoxleyaf@infoseek.co.jp,Male,gift_certificate
377,Rowney,Gethouse,rgethouseag@hhs.gov,Female,cash
378,Frayda,Bedwell,fbedwellah@rambler.ru,Male,gift_certificate
379,Lishe,Mulcock,lmulcockai@earthlink.net,Female,card
380,Noll,Sharram,nsharramaj@uiuc.edu,Female,gift_certificate
381,Uri,Shobrook,ushobrookak@mac.com,Male,cash
382,Sofia,Oliff,soliffal@gravatar.com,Polygender,card
383,Benyamin,Totton,btottonam@washington.edu,Male,cash
384,Ceciley,German,cgermanan@mapy.cz,Male,gift_certificate
385,Willabella,Anear,wanearao@blog.com,Male,cash
386,Karie,Rolf,krolfap@answers.com,Female,card
387,Kore,Shreenan,kshreenanaq@nhs.uk,Female,cash
388,Maggi,Marks,mmarksar@example.com,Male,gift_certificate
389,Marjie,Coom,mcoomas@disqus.com,Male,card
390,Trstram,Baszkiewicz,tbaszkiewiczat@mlb.com,Male,gift_certificate
391,Margery,Cherrison,mcherrisonau@imdb.com,Male,gift_certificate
392,Roseanne,Hyam,rhyamav@seesaa.net,Male,gift_certificate
393,Colleen,McTavy,cmctavyaw@woothemes.com,Female,card
394,Eba,Duchart,educhartax@blinklist.com,Male,card
395,Cash,Juara,cjuaraay@washington.edu,Female,gift_certificate
396,Sascha,Corradeschi,scorradeschiaz@virginia.edu,Male,cash
397,Darnell,Hudleston,dhudlestonb0@mail.ru,Female,card
398,Francesca,Luparti,flupartib1@sciencedaily.com,Female,card
399,Betty,Roggeman,broggemanb2@newyorker.com,Male,card
400,Isacco,Videan,ivideanb3@simplemachines.org,Male,cash
401,Rafaelita,Bonfield,rbonfieldb4@adobe.com,Male,cash
402,Mordecai,Sheed,msheedb5@imageshack.us,Non-binary,gift_certificate
403,Legra,Calow,lcalowb6@plala.or.jp,Female,cash
404,Bambi,Ivakin,bivakinb7@adobe.com,Male,gift_certificate
405,Anestassia,Banaszczyk,abanaszczykb8@craigslist.org,Male,card
406,Rodney,Salmon,rsalmonb9@aol.com,Male,card
407,Rafaellle,Roxburgh,rroxburghba@t-online.de,Female,gift_certificate
408,Pepito,Bilyard,pbilyardbb@nature.com,Non-binary,gift_certificate
409,Christie,Guymer,cguymerbc@xrea.com,Male,cash
410,Reeba,Yaxley,ryaxleybd@discovery.com,Female,cash
411,Em,MacNamee,emacnameebe@wordpress.com,Female,card
412,Dominica,Conboy,dconboybf@exblog.jp,Female,gift_certificate
413,Loella,Greg,lgregbg@booking.com,Genderqueer,cash
414,Zacharia,Testro,ztestrobh@dot.gov,Male,cash
415,Burt,Dignon,bdignonbi@independent.co.uk,Female,gift_certificate
416,Freddi,Worg,fworgbj@wufoo.com,Female,card
417,Fax,Swafford,fswaffordbk@xinhuanet.com,Male,gift_certificate
418,Killian,Swigg,kswiggbl@amazon.co.jp,Male,gift_certificate
419,Chantal,Ruit,cruitbm@paypal.com,Male,cash
420,Claiborne,Gaven,cgavenbn@aboutads.info,Male,card
421,Thorny,Roskeilly,troskeillybo@auda.org.au,Male,cash
422,Saidee,Farndale,sfarndalebp@army.mil,Female,gift_certificate
423,Johanna,McMenamie,jmcmenamiebq@mit.edu,Male,cash
424,Land,Le Fevre,llefevrebr@apple.com,Male,cash
425,Anna,Sangwine,asangwinebs@sina.com.cn,Male,gift_certificate
426,Wilone,Small,wsmallbt@fc2.com,Female,cash
427,Cletus,Gilliver,cgilliverbu@globo.com,Male,cash
428,Elnore,Anster,eansterbv@about.me,Male,gift_certificate
429,Beaufort,Hirtz,bhirtzbw@discuz.net,Female,gift_certificate
430,Gawen,Redd,greddbx@gizmodo.com,Female,cash
431,Essie,Siggins,esigginsby@google.ca,Male,gift_certificate
432,Cissiee,Hubble,chubblebz@sitemeter.com,Female,card
433,Kirsteni,Cotillard,kcotillardc0@si.edu,Female,gift_certificate
434,Kylie,Lemme,klemmec1@google.it,Female,cash
435,Linn,Melan,lmelanc2@webs.com,Bigender,card
436,Hazel,Goldthorp,hgoldthorpc3@themeforest.net,Female,card
437,Cosme,Otton,cottonc4@vistaprint.com,Female,cash
438,Fianna,Tilson,ftilsonc5@hhs.gov,Male,cash
439,Diena,Pickburn,dpickburnc6@samsung.com,Male,cash
440,Xever,Joan,xjoanc7@sohu.com,Male,card
441,Darline,Handslip,dhandslipc8@ibm.com,Female,cash
442,Shermie,Schukraft,sschukraftc9@studiopress.com,Female,card
443,Matilda,Pestridge,mpestridgeca@usgs.gov,Male,cash
444,Oneida,Craigg,ocraiggcb@buzzfeed.com,Female,cash
445,Ambrosi,Huglin,ahuglincc@mysql.com,Male,card
446,Massimiliano,Lyston,mlystoncd@tumblr.com,Genderfluid,cash
447,Lauree,Klemenz,lklemenzce@msn.com,Male,card
448,Rozalie,Jarrard,rjarrardcf@goodreads.com,Female,cash
449,Norene,Stennings,nstenningscg@ox.ac.uk,Female,gift_certificate
450,Melitta,Lampard,mlampardch@joomla.org,Male,card
451,Adolphus,Warboy,awarboyci@domainmarket.com,Female,gift_certificate
452,Georgette,Culvey,gculveycj@twitter.com,Female,gift_certificate
453,Vittoria,Darragon,vdarragonck@squidoo.com,Male,cash
454,Melinda,Smedmoor,msmedmoorcl@trellian.com,Female,card
455,Evangeline,Pyer,epyercm@reddit.com,Male,gift_certificate
456,Stinky,Corris,scorriscn@sohu.com,Female,card
457,Holt,Attreed,hattreedco@pcworld.com,Male,card
458,Seka,Gierek,sgierekcp@globo.com,Female,gift_certificate
459,Salomon,Wandrich,swandrichcq@51.la,Female,card
460,Dulcea,Djokovic,ddjokoviccr@goo.ne.jp,Female,cash
461,Brnaby,Vannah,bvannahcs@com.com,Female,card
462,Vanni,Strotton,vstrottonct@surveymonkey.com,Female,gift_certificate
463,Gilly,Senyard,gsenyardcu@deliciousdays.com,Female,card
464,Ancell,Frisch,afrischcv@berkeley.edu,Bigender,card
465,Wallie,Ingleton,wingletoncw@umn.edu,Female,cash
466,Meier,Ciccerale,mcicceralecx@berkeley.edu,Female,cash
467,Bobby,Padwick,bpadwickcy@nih.gov,Male,cash
468,Eberto,Antic,eanticcz@ow.ly,Male,card
469,Kiel,Doblin,kdoblind0@oaic.gov.au,Male,cash
470,Cathie,Siehard,csiehardd1@cisco.com,Female,cash
471,Haywood,Rulf,hrulfd2@time.com,Male,gift_certificate
472,Bekki,Andreou,bandreoud3@ftc.gov,Male,cash
473,Nevins,Kmicicki,nkmicickid4@phoca.cz,Male,card
474,Xenos,Muncaster,xmuncasterd5@squarespace.com,Female,cash
475,Ashlin,MacGille,amacgilled6@scribd.com,Female,gift_certificate
476,Lewes,Eplett,leplettd7@smh.com.au,Male,card
477,Herminia,Lidgey,hlidgeyd8@dmoz.org,Female,gift_certificate
478,Saundra,Lockwood,slockwoodd9@github.com,Female,card
479,Arman,Chittie,achittieda@weather.com,Male,cash
480,Marvin,Leisk,mleiskdb@gmpg.org,Female,cash
481,Adelaida,Tittletross,atittletrossdc@github.io,Male,cash
482,Jeffy,Perris,jperrisdd@quantcast.com,Female,card
483,Ritchie,Krysztofowicz,rkrysztofowiczde@cyberchimps.com,Male,card
484,Faina,Franschini,ffranschinidf@vimeo.com,Male,card
485,Janifer,Lethbury,jlethburydg@accuweather.com,Female,gift_certificate
486,Mercy,Sones,msonesdh@imgur.com,Female,gift_certificate
487,Goldia,Kolczynski,gkolczynskidi@tinyurl.com,Female,gift_certificate
488,Stanford,Silvers,ssilversdj@php.net,Male,card
489,Tracie,Crafts,tcraftsdk@ehow.com,Male,cash
490,Arni,Brockington,abrockingtondl@usda.gov,Male,card
491,Dolley,Riseam,driseamdm@marriott.com,Male,cash
492,Sabina,Jobbing,sjobbingdn@latimes.com,Female,card
493,Noellyn,Broomfield,nbroomfielddo@unc.edu,Male,card
494,Sallyann,Vereker,sverekerdp@freewebs.com,Bigender,card
495,Fin,Ewbanke,fewbankedq@ehow.com,Female,card
496,Amabelle,Maty,amatydr@mail.ru,Male,cash
497,Tandy,Quilkin,tquilkinds@home.pl,Male,cash
498,Ailsun,Cossar,acossardt@vkontakte.ru,Female,cash
499,Dianemarie,Halbeard,dhalbearddu@prnewswire.com,Female,card
500,Marysa,Cannell,mcannelldv@sourceforge.net,Female,cash
501,Evin,Leeuwerink,eleeuwerinkdw@whitehouse.gov,Female,cash
502,Shanie,Cape,scapedx@com.com,Female,gift_certificate
503,Reggie,Kofax,rkofaxdy@gravatar.com,Female,gift_certificate
504,Cyndy,MacKomb,cmackombdz@homestead.com,Female,card
505,Hortense,Belsher,hbelshere0@tinypic.com,Male,card
506,Angelina,Iacovacci,aiacovaccie1@wiley.com,Female,card
507,Petunia,Zeplin,pzepline2@reverbnation.com,Female,cash
508,Tammara,Mellows,tmellowse3@microsoft.com,Female,gift_certificate
509,Tiff,Wellfare,twellfaree4@eepurl.com,Male,gift_certificate
510,Dodi,Kilalea,dkilaleae5@google.de,Male,gift_certificate
511,Rockey,Doberer,rdoberere6@howstuffworks.com,Female,card
512,Cass,Corbyn,ccorbyne7@smh.com.au,Male,card
513,Donalt,Harvard,dharvarde8@businessinsider.com,Male,cash
514,Dew,Ridsdole,dridsdolee9@yellowpages.com,Male,card
515,Vidovic,Conyer,vconyerea@amazon.de,Female,cash
516,Britt,McGinny,bmcginnyeb@uiuc.edu,Female,card
517,Lynnell,Sothcott,lsothcottec@devhub.com,Male,cash
518,Flemming,Douty,fdoutyed@mtv.com,Female,gift_certificate
519,Madlen,Critchlow,mcritchlowee@mayoclinic.com,Male,cash
520,Wash,Reddings,wreddingsef@springer.com,Male,cash
521,Marshall,Davidoff,mdavidoffeg@yolasite.com,Female,card
522,Piggy,Collier,pcolliereh@google.de,Male,card
523,Adeline,Chaplyn,achaplynei@mozilla.com,Female,cash
524,Zacharias,Lilbourne,zlilbourneej@delicious.com,Female,gift_certificate
525,Tristan,Farnorth,tfarnorthek@youtube.com,Female,cash
526,Sherrie,Longfut,slongfutel@state.tx.us,Male,cash
527,Joycelin,Malarkey,jmalarkeyem@abc.net.au,Male,card
528,Sean,Sevior,ssevioren@furl.net,Male,cash
529,Lyssa,Adame,ladameeo@is.gd,Male,gift_certificate
530,Tansy,Currier,tcurrierep@microsoft.com,Female,cash
531,Fina,Candish,fcandisheq@etsy.com,Female,cash
532,Kim,Roles,kroleser@harvard.edu,Female,cash
533,Marge,Van der Kruijs,mvanderkruijses@paginegialle.it,Female,gift_certificate
534,Melonie,Audry,maudryet@marketwatch.com,Female,gift_certificate
535,Ezechiel,Ambrogiotti,eambrogiottieu@nationalgeographic.com,Male,cash
536,Herman,Wickey,hwickeyev@yandex.ru,Female,gift_certificate
537,Bendite,Petre,bpetreew@netlog.com,Female,card
538,Indira,Duley,iduleyex@jiathis.com,Male,card
539,Mic,Sola,msolaey@booking.com,Female,gift_certificate
540,Atlanta,Loble,alobleez@netscape.com,Female,card
541,Ileana,Toffano,itoffanof0@nydailynews.com,Non-binary,gift_certificate
542,Berget,Mandrier,bmandrierf1@weebly.com,Male,card
543,Juliane,Borless,jborlessf2@paginegialle.it,Female,gift_certificate
544,Shell,Fogarty,sfogartyf3@accuweather.com,Male,card
545,Thaddus,Fibbit,tfibbitf4@photobucket.com,Female,card
546,Evangelia,Scamerden,escamerdenf5@hatena.ne.jp,Female,gift_certificate
547,Scottie,Koene,skoenef6@wikia.com,Male,gift_certificate
548,Marven,Gallon,mgallonf7@photobucket.com,Female,cash
549,Mellisa,Kield,mkieldf8@marriott.com,Male,gift_certificate
550,Bobbie,Hammelberg,bhammelbergf9@taobao.com,Female,card
551,Pet,Whitley,pwhitleyfa@google.com.br,Male,card
552,Garrick,Daleman,gdalemanfb@pagesperso-orange.fr,Male,gift_certificate
553,Ddene,Waszkiewicz,dwaszkiewiczfc@domainmarket.com,Male,gift_certificate
554,Kakalina,Belson,kbelsonfd@cbc.ca,Genderqueer,cash
555,Luce,Struys,lstruysfe@discuz.net,Male,cash
556,Sibley,Stych,sstychff@cbslocal.com,Male,card
557,Howard,Sowley,hsowleyfg@oracle.com,Male,gift_certificate
558,Obadiah,Matterface,omatterfacefh@cisco.com,Female,gift_certificate
559,Colman,Olley,colleyfi@virginia.edu,Male,cash
560,Joshua,Trayford,jtrayfordfj@go.com,Male,card
561,Jermayne,Ginty,jgintyfk@cnet.com,Female,card
562,Lory,Spilsted,lspilstedfl@sakura.ne.jp,Male,card
563,Westbrook,Mileham,wmilehamfm@360.cn,Male,cash
564,Catina,Geerdts,cgeerdtsfn@godaddy.com,Male,card
565,Ibrahim,Wark,iwarkfo@weebly.com,Male,card
566,Courtnay,Mourant,cmourantfp@netlog.com,Female,card
567,Charles,Livingston,clivingstonfq@xinhuanet.com,Female,gift_certificate
568,Jecho,Salliere,jsallierefr@europa.eu,Male,cash
569,Skelly,Rice,sricefs@yelp.com,Male,cash
570,Codie,Dumbleton,cdumbletonft@fema.gov,Female,card
571,Duffie,Cusack,dcusackfu@mapquest.com,Male,cash
572,Beatrice,Rice,bricefv@arizona.edu,Male,gift_certificate
573,Roscoe,Weeke,rweekefw@xrea.com,Female,card
574,Coralie,Olden,coldenfx@de.vu,Female,gift_certificate
575,Isadora,Churching,ichurchingfy@si.edu,Male,gift_certificate
576,Cathrine,Zoane,czoanefz@smugmug.com,Female,cash
577,Kelbee,Cleever,kcleeverg0@tmall.com,Female,cash
578,Faythe,Ahren,fahreng1@1688.com,Male,cash
579,Douglass,Bubbins,dbubbinsg2@domainmarket.com,Male,card
580,Stefan,Dobrovolski,sdobrovolskig3@hostgator.com,Male,gift_certificate
581,Elisa,Switland,eswitlandg4@ucla.edu,Male,cash
582,Pen,Seamen,pseameng5@chron.com,Bigender,card
583,Ari,Deuss,adeussg6@senate.gov,Male,gift_certificate
584,Calley,Powers,cpowersg7@uiuc.edu,Male,gift_certificate
585,Gerrie,Cranson,gcransong8@auda.org.au,Female,cash
586,Yorgos,Pateman,ypatemang9@goodreads.com,Female,card
587,Sondra,Osbaldeston,sosbaldestonga@prlog.org,Female,gift_certificate
588,Mehetabel,Alvarado,malvaradogb@salon.com,Female,card
589,Alane,Keitley,akeitleygc@mashable.com,Female,card
590,Eduino,Blaza,eblazagd@trellian.com,Male,gift_certificate
591,Guillemette,Pavlasek,gpavlasekge@cmu.edu,Female,card
592,Yvonne,Capper,ycappergf@sohu.com,Female,gift_certificate
593,Kearney,Jobes,kjobesgg@google.com.au,Male,gift_certificate
594,Bernard,Absolon,babsolongh@hexun.com,Female,cash
595,Weber,Elcox,welcoxgi@ocn.ne.jp,Male,card
596,Spenser,Pappi,spappigj@cpanel.net,Male,card
597,Pearle,Massot,pmassotgk@mapy.cz,Female,cash
598,Taffy,Dodson,tdodsongl@technorati.com,Male,card
599,Neely,Hacker,nhackergm@bbb.org,Female,card
600,Bernadene,Valadez,bvaladezgn@51.la,Male,cash
601,Maud,Kuller,mkullergo@flickr.com,Female,card
602,Mateo,Beyne,mbeynegp@joomla.org,Female,card
603,Daria,McGahy,dmcgahygq@tripod.com,Female,cash
604,Mag,Goodlad,mgoodladgr@xinhuanet.com,Male,cash
605,Kittie,Springthorpe,kspringthorpegs@acquirethisname.com,Male,gift_certificate
606,Zared,Banbridge,zbanbridgegt@dyndns.org,Male,cash
607,Erny,Cartmale,ecartmalegu@hud.gov,Female,gift_certificate
608,Mike,Vant,mvantgv@cyberchimps.com,Female,gift_certificate
609,Griffy,Bandt,gbandtgw@barnesandnoble.com,Male,cash
610,Katrinka,Arnaudin,karnaudingx@slideshare.net,Female,gift_certificate
611,Karlis,Balint,kbalintgy@nydailynews.com,Female,card
612,Levin,Thing,lthinggz@hibu.com,Genderqueer,card
613,Jeddy,Favela,jfavelah0@oaic.gov.au,Male,card
614,Kerwin,Axleby,kaxlebyh1@state.tx.us,Male,gift_certificate
615,Devlin,Filip,dfiliph2@instagram.com,Agender,card
616,Thorn,Weber,tweberh3@wix.com,Female,gift_certificate
617,Gavin,Floodgate,gfloodgateh4@live.com,Male,gift_certificate
618,Marysa,Boyes,mboyesh5@histats.com,Male,card
619,Ethelbert,Parkeson,eparkesonh6@wikipedia.org,Male,card
620,Waldo,Curthoys,wcurthoysh7@eventbrite.com,Female,cash
621,Michell,Urwen,murwenh8@state.tx.us,Female,cash
622,Stevy,Ralls,srallsh9@hibu.com,Male,cash
623,Edita,Ramlot,eramlotha@deviantart.com,Female,gift_certificate
624,Far,Mashal,fmashalhb@storify.com,Male,gift_certificate
625,Freemon,Andriveaux,fandriveauxhc@wired.com,Male,card
626,Michaela,Cranmor,mcranmorhd@flickr.com,Male,gift_certificate
627,Morgen,Smout,msmouthe@amazon.co.uk,Female,cash
628,Ferdinand,Abbess,fabbesshf@blinklist.com,Male,cash
629,Sandro,Twiggs,stwiggshg@stanford.edu,Female,gift_certificate
630,Kev,Pitkaithly,kpitkaithlyhh@walmart.com,Female,gift_certificate
631,Ashton,Jindra,ajindrahi@e-recht24.de,Male,card
632,Reeba,Tinniswood,rtinniswoodhj@fastcompany.com,Male,cash
633,Rodrigo,Tarn,rtarnhk@twitpic.com,Female,cash
634,Elli,Corran,ecorranhl@chron.com,Male,card
635,Sean,Ninnis,sninnishm@google.co.uk,Female,gift_certificate
636,Josefa,Vern,jvernhn@usgs.gov,Male,gift_certificate
637,Adaline,Sayward,asaywardho@blinklist.com,Female,gift_certificate
638,Amy,Band,abandhp@comsenz.com,Female,cash
639,Cal,Summerton,csummertonhq@woothemes.com,Female,card
640,Nicki,Schleicher,nschleicherhr@stanford.edu,Female,gift_certificate
641,Kahlil,Spary,ksparyhs@miitbeian.gov.cn,Male,cash
642,Samantha,Kielt,skieltht@networksolutions.com,Female,card
643,Vincent,Jeanon,vjeanonhu@yolasite.com,Female,card
644,Jolie,Carlson,jcarlsonhv@va.gov,Male,gift_certificate
645,Melina,Sneyd,msneydhw@craigslist.org,Female,cash
646,Maurizio,Krolak,mkrolakhx@slashdot.org,Male,cash
647,Hugh,Claridge,hclaridgehy@github.io,Male,gift_certificate
648,Sholom,Darville,sdarvillehz@forbes.com,Male,cash
649,Katlin,Fernez,kfernezi0@xinhuanet.com,Male,card
650,Rafaela,Torricella,rtorricellai1@washington.edu,Male,card
651,Rafi,Surcomb,rsurcombi2@engadget.com,Female,gift_certificate
652,Karleen,Mateiko,kmateikoi3@marketwatch.com,Female,card
653,Stephan,Spawell,sspawelli4@reuters.com,Male,cash
654,Morgana,Panks,mpanksi5@ovh.net,Female,gift_certificate
655,Janeta,Trainer,jtraineri6@princeton.edu,Male,cash
656,Vinny,Mallatratt,vmallatratti7@phpbb.com,Female,gift_certificate
657,Phillida,Landis,plandisi8@cmu.edu,Male,card
658,Angeline,Yallowley,ayallowleyi9@cnbc.com,Male,cash
659,Mead,Woodham,mwoodhamia@nytimes.com,Polygender,card
660,Christabella,Bevens,cbevensib@nba.com,Female,gift_certificate
661,Timmie,Arr,tarric@dot.gov,Female,gift_certificate
662,Geoffrey,Heeney,gheeneyid@wiley.com,Genderqueer,cash
663,Gal,Curror,gcurrorie@constantcontact.com,Female,gift_certificate
664,Annette,Trevains,atrevainsif@engadget.com,Male,card
665,Hally,Kleuer,hkleuerig@shinystat.com,Female,card
666,Cristabel,Buessen,cbuessenih@springer.com,Female,card
667,Gradey,Bremmell,gbremmellii@independent.co.uk,Male,cash
668,Barris,Gormally,bgormallyij@techcrunch.com,Genderfluid,card
669,Ranice,Spacey,rspaceyik@about.com,Female,card
670,Guenevere,Whybrow,gwhybrowil@jigsy.com,Female,gift_certificate
671,Niles,Lutton,nluttonim@digg.com,Male,gift_certificate
672,Farleigh,Alekhov,falekhovin@unblog.fr,Male,cash
673,Abbie,Hacun,ahacunio@google.com.hk,Female,card
674,Elsbeth,Tomaskunas,etomaskunasip@forbes.com,Male,gift_certificate
675,Nancee,Code,ncodeiq@yahoo.com,Male,cash
676,Jilly,Cheley,jcheleyir@unesco.org,Female,cash
677,Lilla,Verlinden,lverlindenis@wikia.com,Female,card
678,Natale,Brumpton,nbrumptonit@1688.com,Male,card
679,Sharity,Denisyev,sdenisyeviu@sakura.ne.jp,Female,gift_certificate
680,Adel,Madoc-Jones,amadocjonesiv@mediafire.com,Female,gift_certificate
681,Dar,Phelipeau,dphelipeauiw@craigslist.org,Genderqueer,gift_certificate
682,Doroteya,Curman,dcurmanix@salon.com,Male,gift_certificate
683,Hilario,Beddis,hbeddisiy@wired.com,Female,card
684,Raddie,Minter,rminteriz@163.com,Male,cash
685,Farr,Sange,fsangej0@51.la,Female,gift_certificate
686,Traci,Records,trecordsj1@godaddy.com,Non-binary,card
687,Anny,Allred,aallredj2@twitter.com,Male,gift_certificate
688,Georgiana,Attrie,gattriej3@reference.com,Female,cash
689,Karyn,Antyshev,kantyshevj4@chron.com,Male,gift_certificate
690,Berty,Dunsmore,bdunsmorej5@howstuffworks.com,Male,gift_certificate
691,Kinsley,Cicchinelli,kcicchinellij6@fda.gov,Male,gift_certificate
692,Piper,Pietrowicz,ppietrowiczj7@t.co,Male,card
693,Thatch,Gilluley,tgilluleyj8@eventbrite.com,Male,gift_certificate
694,Panchito,Pottberry,ppottberryj9@dyndns.org,Male,gift_certificate
695,Vonni,Dorn,vdornja@theatlantic.com,Non-binary,gift_certificate
696,Kacy,Gauld,kgauldjb@woothemes.com,Bigender,card
697,Merrilee,Schule,mschulejc@comcast.net,Female,gift_certificate
698,Sonnnie,Showler,sshowlerjd@usnews.com,Female,card
699,Connie,Bygrave,cbygraveje@edublogs.org,Female,gift_certificate
700,Skye,Gwioneth,sgwionethjf@irs.gov,Female,gift_certificate
701,Margery,Haddow,mhaddowjg@networksolutions.com,Male,gift_certificate
702,Clarence,Janecki,cjaneckijh@mozilla.org,Female,gift_certificate
703,Alan,Kubicki,akubickiji@yellowbook.com,Agender,card
704,Dulci,Swales,dswalesjj@theatlantic.com,Female,gift_certificate
705,Gannon,Donhardt,gdonhardtjk@census.gov,Female,gift_certificate
706,Julee,Smitham,jsmithamjl@surveymonkey.com,Male,gift_certificate
707,Petra,Rolance,prolancejm@blogger.com,Male,gift_certificate
708,L;urette,Wildey,lwildeyjn@barnesandnoble.com,Agender,gift_certificate
709,Ralf,Pimlett,rpimlettjo@cornell.edu,Female,gift_certificate
710,Vannie,Shilleto,vshilletojp@jalbum.net,Male,card
711,Slade,Aitkenhead,saitkenheadjq@bandcamp.com,Male,card
712,Koressa,Arcase,karcasejr@1688.com,Male,card
713,Dew,Guile,dguilejs@skype.com,Male,cash
714,Gay,Lindro,glindrojt@hao123.com,Male,card
715,Rianon,Banford,rbanfordju@wired.com,Male,gift_certificate
716,Benedikta,Boliver,bboliverjv@cocolog-nifty.com,Agender,cash
717,Raimondo,Schmidt,rschmidtjw@nytimes.com,Male,card
718,Raff,Leavens,rleavensjx@nhs.uk,Male,card
719,Dexter,Hanscome,dhanscomejy@xing.com,Female,card
720,Anne,Bortolazzi,abortolazzijz@gizmodo.com,Male,gift_certificate
721,Katti,Stitson,kstitsonk0@example.com,Genderfluid,card
722,Bald,Kier,bkierk1@list-manage.com,Male,gift_certificate
723,Tammi,Duignan,tduignank2@ihg.com,Male,cash
724,Remy,Aspinell,raspinellk3@fc2.com,Female,cash
725,Corbie,Bauduin,cbauduink4@eventbrite.com,Female,cash
726,Warren,Kubica,wkubicak5@prweb.com,Female,card
727,Saloma,Winscom,swinscomk6@ezinearticles.com,Female,gift_certificate
728,Leonerd,Downe,ldownek7@tiny.cc,Male,cash
729,Zoe,Kelsell,zkelsellk8@phoca.cz,Male,gift_certificate
730,Sally,Duchart,sduchartk9@berkeley.edu,Male,gift_certificate
731,Rowland,Cowpe,rcowpeka@google.cn,Female,gift_certificate
732,Sutton,Lackner,slacknerkb@dmoz.org,Female,card
733,Emmett,Abercromby,eabercrombykc@hugedomains.com,Male,card
734,Isidora,Avramovic,iavramovickd@shinystat.com,Male,gift_certificate
735,Elberta,Domone,edomoneke@buzzfeed.com,Male,card
736,Charlton,Cathie,ccathiekf@gizmodo.com,Female,gift_certificate
737,Maureene,Riccio,mricciokg@free.fr,Male,cash
738,Sophi,Wildor,swildorkh@boston.com,Female,cash
739,Nick,Backen,nbackenki@go.com,Male,gift_certificate
740,Cornall,Pennick,cpennickkj@zimbio.com,Female,gift_certificate
741,Ashli,Tordoff,atordoffkk@upenn.edu,Female,cash
742,Karlik,Kun,kkunkl@answers.com,Female,cash
743,Wayland,Wearne,wwearnekm@yahoo.com,Agender,gift_certificate
744,Rasia,Wainwright,rwainwrightkn@cafepress.com,Female,gift_certificate
745,Ari,Dabbes,adabbesko@1und1.de,Female,cash
746,Abbot,Jentges,ajentgeskp@arizona.edu,Male,card
747,Myca,Jaume,mjaumekq@sogou.com,Genderfluid,cash
748,Gilemette,MacGoun,gmacgounkr@rakuten.co.jp,Male,card
749,Gweneth,Forsard,gforsardks@howstuffworks.com,Male,card
750,Madonna,Barefoot,mbarefootkt@360.cn,Male,gift_certificate
751,Ira,Cartmail,icartmailku@cargocollective.com,Male,gift_certificate
752,Kipper,Rosone,krosonekv@last.fm,Polygender,gift_certificate
753,Brice,Robjents,brobjentskw@ning.com,Female,gift_certificate
754,Calla,Biddell,cbiddellkx@statcounter.com,Genderfluid,gift_certificate
755,Althea,Akers,aakersky@gizmodo.com,Female,card
756,Yoshiko,De Lascy,ydelascykz@sitemeter.com,Female,gift_certificate
757,Niki,Callan,ncallanl0@tripod.com,Female,gift_certificate
758,Beitris,Blowfelde,bblowfeldel1@reference.com,Male,card
759,Marjorie,Prazor,mprazorl2@utexas.edu,Male,gift_certificate
760,Mariette,Lakeman,mlakemanl3@google.pl,Male,gift_certificate
761,Emanuel,Monini,emoninil4@seattletimes.com,Female,gift_certificate
762,Samaria,McCandless,smccandlessl5@dmoz.org,Non-binary,gift_certificate
763,Kerby,Arias,kariasl6@google.it,Female,card
764,Art,Aspenlon,aaspenlonl7@meetup.com,Female,cash
765,Roxi,Frowen,rfrowenl8@godaddy.com,Male,cash
766,Terrence,Heardman,theardmanl9@cnn.com,Male,gift_certificate
767,Amelita,Shimmin,ashimminla@va.gov,Female,cash
768,Jsandye,Simonsen,jsimonsenlb@sfgate.com,Female,card
769,Kev,Stoggles,kstoggleslc@harvard.edu,Female,cash
770,Inessa,Richens,irichensld@youtube.com,Agender,gift_certificate
771,Sharron,Browncey,sbrownceyle@google.co.uk,Female,cash
772,Simonne,Hustler,shustlerlf@harvard.edu,Male,card
773,Salvidor,Mc Elory,smcelorylg@e-recht24.de,Female,gift_certificate
774,Staffard,Manueli,smanuelilh@gizmodo.com,Male,cash
775,Bern,Abercrombie,babercrombieli@house.gov,Female,cash
776,Leshia,De Anesy,ldeanesylj@ustream.tv,Female,card
777,Haskell,Ong,honglk@usnews.com,Male,card
778,Blane,Itzkovsky,bitzkovskyll@paypal.com,Female,card
779,Ellissa,Masurel,emasurellm@cornell.edu,Agender,card
780,Shanda,Maxsted,smaxstedln@delicious.com,Female,cash
781,Corney,Bagg,cbagglo@dedecms.com,Female,cash
782,Krista,Farran,kfarranlp@xing.com,Female,card
783,Grant,McLagan,gmclaganlq@jugem.jp,Female,gift_certificate
784,Gardie,Marc,gmarclr@cbslocal.com,Female,gift_certificate
785,Cordi,Culbard,cculbardls@craigslist.org,Male,gift_certificate
786,Leroi,Spatarul,lspatarullt@prlog.org,Agender,cash
787,Carroll,Burchett,cburchettlu@nymag.com,Female,card
788,Laure,Duchatel,lduchatellv@etsy.com,Male,card
789,Morna,Deport,mdeportlw@jigsy.com,Male,gift_certificate
790,Betty,Domerque,bdomerquelx@canalblog.com,Female,cash
791,Amie,Van der Linde,avanderlindely@businessinsider.com,Male,cash
792,Beverlie,Malster,bmalsterlz@a8.net,Female,gift_certificate
793,Nelia,Denyukin,ndenyukinm0@delicious.com,Male,card
794,Cross,Cumbers,ccumbersm1@npr.org,Female,gift_certificate
795,Mickey,Blaksley,mblaksleym2@ihg.com,Male,card
796,Davida,Fowley,dfowleym3@blogtalkradio.com,Male,card
797,Francois,Smooth,fsmoothm4@wisc.edu,Male,gift_certificate
798,Merridie,Greaves,mgreavesm5@desdev.cn,Male,card
799,Ricki,Teese,rteesem6@ibm.com,Female,card
800,Anthia,Arrandale,aarrandalem7@google.com.hk,Female,cash
801,Josiah,Emery,jemerym8@trellian.com,Male,cash
802,Otho,Armal,oarmalm9@so-net.ne.jp,Male,gift_certificate
803,Jordan,Muff,jmuffma@sina.com.cn,Female,gift_certificate
804,Cristi,Goodman,cgoodmanmb@typepad.com,Female,cash
805,Bev,Poacher,bpoachermc@gnu.org,Male,gift_certificate
806,Evanne,Doumerc,edoumercmd@sina.com.cn,Female,cash
807,Cyril,Bottlestone,cbottlestoneme@mayoclinic.com,Female,cash
808,Carlen,Burdon,cburdonmf@ameblo.jp,Male,gift_certificate
809,Herve,Finnis,hfinnismg@chronoengine.com,Male,gift_certificate
810,Minta,Vermer,mvermermh@diigo.com,Male,card
811,Everett,Ren,erenmi@themeforest.net,Female,cash
812,Hanni,Emsley,hemsleymj@ocn.ne.jp,Female,card
813,Danyelle,Elan,delanmk@virginia.edu,Male,card
814,Starr,Halladay,shalladayml@bravesites.com,Male,gift_certificate
815,Hali,McCool,hmccoolmm@tripadvisor.com,Female,cash
816,Berkeley,Tomala,btomalamn@hubpages.com,Male,gift_certificate
817,Stafani,Penhaligon,spenhaligonmo@nps.gov,Female,cash
818,Ellissa,MacGibbon,emacgibbonmp@plala.or.jp,Female,card
819,Mallory,Dudman,mdudmanmq@wordpress.org,Male,card
820,Tarah,Heatlie,theatliemr@hao123.com,Male,cash
821,Welch,Iacovone,wiacovonems@macromedia.com,Male,card
822,Frasier,Bilovsky,fbilovskymt@nature.com,Female,card
823,Gwenny,Heak,gheakmu@epa.gov,Female,cash
824,Ber,Mc Carrick,bmccarrickmv@deviantart.com,Male,gift_certificate
825,Lauryn,Given,lgivenmw@marketwatch.com,Male,gift_certificate
826,Bjorn,Franz,bfranzmx@google.es,Female,card
827,Biron,Cullivan,bcullivanmy@house.gov,Male,card
828,Roda,Glandfield,rglandfieldmz@microsoft.com,Male,card
829,Janek,Dawbury,jdawburyn0@mozilla.org,Female,cash
830,Sasha,Rengger,srenggern1@jalbum.net,Female,card
831,Gisele,Cresswell,gcresswelln2@cdc.gov,Female,card
832,Benjy,Cappleman,bcapplemann3@cafepress.com,Male,card
833,Guenna,Pessler,gpesslern4@skype.com,Male,cash
834,Patty,Szachniewicz,pszachniewiczn5@paypal.com,Male,cash
835,Delila,Pitney,dpitneyn6@dailymotion.com,Male,gift_certificate
836,Rube,Scapelhorn,rscapelhornn7@themeforest.net,Female,gift_certificate
837,Pen,Lavin,plavinn8@istockphoto.com,Female,cash
838,Alain,Timcke,atimcken9@phpbb.com,Female,card
839,Dorothea,Tamburo,dtamburona@ca.gov,Genderfluid,card
840,Rosa,Sincock,rsincocknb@yahoo.co.jp,Male,gift_certificate
841,Gino,O'Kenny,gokennync@cam.ac.uk,Male,cash
842,Tania,Akett,takettnd@noaa.gov,Male,card
843,Kathleen,Bruyns,kbruynsne@trellian.com,Male,card
844,Deny,Garfoot,dgarfootnf@multiply.com,Female,gift_certificate
845,Lola,Penvarne,lpenvarneng@apple.com,Genderfluid,gift_certificate
846,Theda,Zoppie,tzoppienh@newsvine.com,Female,cash
847,Corey,Shaw,cshawni@hud.gov,Male,cash
848,Aloysius,Dominka,adominkanj@sphinn.com,Male,cash
849,Viviyan,Wadeson,vwadesonnk@123-reg.co.uk,Female,cash
850,Catriona,Glennard,cglennardnl@deviantart.com,Female,card
851,Silvie,Padberry,spadberrynm@blogger.com,Female,cash
852,Elianore,Fowley,efowleynn@photobucket.com,Female,cash
853,Melinda,de Villier,mdevillierno@fastcompany.com,Male,gift_certificate
854,Charlotta,Fleetham,cfleethamnp@nyu.edu,Female,gift_certificate
855,Demeter,Yurevich,dyurevichnq@is.gd,Male,card
856,Terrie,Dorcey,tdorceynr@deliciousdays.com,Male,cash
857,Ruddie,Elstow,relstowns@aboutads.info,Male,card
858,Carmine,Shory,cshorynt@elpais.com,Male,card
859,Wilmer,Antrum,wantrumnu@diigo.com,Female,gift_certificate
860,Kirby,Penhalurick,kpenhaluricknv@gizmodo.com,Female,cash
861,Linet,Thorsby,lthorsbynw@list-manage.com,Male,card
862,Berkley,Roulston,broulstonnx@diigo.com,Male,card
863,Iormina,Coathup,icoathupny@alexa.com,Male,card
864,Lyndy,Leggs,lleggsnz@rediff.com,Male,card
865,Cullie,Moyse,cmoyseo0@msn.com,Male,gift_certificate
866,Miles,Zappel,mzappelo1@ycombinator.com,Male,gift_certificate
867,Robenia,Tinsley,rtinsleyo2@digg.com,Male,card
868,Dorise,Brognot,dbrognoto3@china.com.cn,Female,cash
869,Ginevra,Patesel,gpateselo4@yellowbook.com,Male,card
870,Lorrie,Kivelle,lkivelleo5@weather.com,Male,card
871,Minne,Letrange,mletrangeo6@pinterest.com,Female,cash
872,Anette,Wordesworth,awordeswortho7@wikipedia.org,Male,cash
873,Livy,Ellesworthe,lelleswortheo8@woothemes.com,Male,card
874,Cathy,Jacobson,cjacobsono9@economist.com,Male,card
875,Darryl,Keynes,dkeynesoa@nbcnews.com,Male,card
876,Ardis,Newlove,anewloveob@blog.com,Male,card
877,Alex,Grimditch,agrimditchoc@pagesperso-orange.fr,Female,card
878,Liane,Blaine,lblaineod@ft.com,Female,gift_certificate
879,Nicky,O'Shesnan,noshesnanoe@hostgator.com,Male,cash
880,Ana,Spaven,aspavenof@sphinn.com,Female,card
881,Tresa,Goodall,tgoodallog@webmd.com,Male,card
882,Bernadine,Fremantle,bfremantleoh@networksolutions.com,Female,card
883,Waverley,Renshall,wrenshalloi@thetimes.co.uk,Female,cash
884,Jeramey,McGoogan,jmcgooganoj@aol.com,Female,gift_certificate
885,Sheelah,Naseby,snasebyok@hp.com,Male,cash
886,Georgiana,Pirt,gpirtol@stumbleupon.com,Female,gift_certificate
887,Robina,Chatel,rchatelom@imgur.com,Male,cash
888,Dehlia,Lafuente,dlafuenteon@wufoo.com,Female,gift_certificate
889,Paddy,Sartain,psartainoo@clickbank.net,Agender,gift_certificate
890,Gaylord,Axten,gaxtenop@twitpic.com,Male,cash
891,Austine,Teager,ateageroq@sciencedirect.com,Male,card
892,Aindrea,Geistbeck,ageistbeckor@marriott.com,Male,cash
893,Katheryn,Farre,kfarreos@yolasite.com,Male,gift_certificate
894,Brynna,Lindenbluth,blindenbluthot@webs.com,Male,cash
895,Angie,Chrestien,achrestienou@nba.com,Male,gift_certificate
896,Chloris,Hastelow,chastelowov@addtoany.com,Male,card
897,Goran,Zettler,gzettlerow@kickstarter.com,Male,cash
898,Adda,Clarey,aclareyox@cam.ac.uk,Female,gift_certificate
899,Linnea,Trembley,ltrembleyoy@adobe.com,Male,gift_certificate
900,Edythe,Ridewood,eridewoodoz@storify.com,Female,gift_certificate
901,Lindy,Creavan,lcreavanp0@nhs.uk,Female,card
902,Dianna,Aslett,daslettp1@photobucket.com,Male,cash
903,Wallis,Crab,wcrabp2@foxnews.com,Male,cash
904,Jenda,Entreis,jentreisp3@oaic.gov.au,Male,cash
905,Kanya,Boote,kbootep4@dmoz.org,Female,card
906,Ethelred,Fairfoot,efairfootp5@naver.com,Female,card
907,Bartholomeus,Elsie,belsiep6@opera.com,Male,gift_certificate
908,Lawrence,Burkinshaw,lburkinshawp7@youku.com,Male,gift_certificate
909,Greta,Endecott,gendecottp8@ocn.ne.jp,Female,gift_certificate
910,Brendin,Volleth,bvollethp9@blinklist.com,Female,gift_certificate
911,Munmro,Cottem,mcottempa@slashdot.org,Male,gift_certificate
912,Lorna,Woodroofe,lwoodroofepb@utexas.edu,Male,cash
913,Alexandr,Mattussevich,amattussevichpc@ucoz.com,Female,cash
914,Pierson,Kalb,pkalbpd@va.gov,Female,cash
915,Hi,Scarffe,hscarffepe@marriott.com,Male,cash
916,Winston,Speake,wspeakepf@zdnet.com,Male,card
917,Zackariah,Issacson,zissacsonpg@biglobe.ne.jp,Male,gift_certificate
918,Ashil,Fowlds,afowldsph@walmart.com,Male,cash
919,Hendrick,Labbati,hlabbatipi@jalbum.net,Male,gift_certificate
920,Griffin,Melbury,gmelburypj@mashable.com,Female,gift_certificate
921,Kasper,Towle,ktowlepk@tiny.cc,Male,gift_certificate
922,Joellen,Rennebeck,jrennebeckpl@fda.gov,Female,card
923,Kylynn,Ham,khampm@163.com,Female,cash
924,Anya,Habin,ahabinpn@desdev.cn,Female,gift_certificate
925,Kaile,Westmorland,kwestmorlandpo@360.cn,Male,card
926,Del,Sweeting,dsweetingpp@usa.gov,Male,gift_certificate
927,Candi,A'Barrow,cabarrowpq@ucsd.edu,Male,gift_certificate
928,Nerte,Farrears,nfarrearspr@tumblr.com,Male,cash
929,Beauregard,Scibsey,bscibseyps@bloglovin.com,Male,cash
930,Stanley,Myrtle,smyrtlept@joomla.org,Male,gift_certificate
931,Sayre,Zoren,szorenpu@prweb.com,Male,cash
932,Mathian,Peaple,mpeaplepv@1688.com,Male,cash
933,Adelbert,Fellini,afellinipw@google.pl,Polygender,card
934,Sarge,Doorly,sdoorlypx@stanford.edu,Female,gift_certificate
935,Jerrome,Beenham,jbeenhampy@dyndns.org,Male,card
936,Jarvis,Cassey,jcasseypz@cafepress.com,Female,gift_certificate
937,Pauli,Pierson,ppiersonq0@usda.gov,Female,card
938,Tobe,Hellsdon,thellsdonq1@deviantart.com,Male,gift_certificate
939,Cristen,Hawse,chawseq2@unesco.org,Male,cash
940,Haleigh,Stayte,hstayteq3@t-online.de,Male,gift_certificate
941,Itch,Bergstrand,ibergstrandq4@plala.or.jp,Male,cash
942,Rowan,Matzkaitis,rmatzkaitisq5@google.co.jp,Female,gift_certificate
943,Clarine,Pinckney,cpinckneyq6@nhs.uk,Male,card
944,Lottie,Nurny,lnurnyq7@goo.ne.jp,Female,card
945,Leigh,Iceton,licetonq8@gmpg.org,Genderqueer,cash
946,York,Madrell,ymadrellq9@cmu.edu,Male,gift_certificate
947,Waldon,Loxley,wloxleyqa@netvibes.com,Female,card
948,Sholom,Jewiss,sjewissqb@wikia.com,Male,card
949,Charin,Manna,cmannaqc@wikimedia.org,Male,gift_certificate
950,Pamelina,Dwyer,pdwyerqd@theguardian.com,Female,gift_certificate
951,Benedicto,Gowler,bgowlerqe@wiley.com,Male,cash
952,Agretha,Grise,agriseqf@nasa.gov,Male,cash
953,Rod,Germaine,rgermaineqg@tripadvisor.com,Female,gift_certificate
954,Gwennie,Bucktrout,gbucktroutqh@cdc.gov,Female,card
955,Artair,Yanov,ayanovqi@tmall.com,Female,gift_certificate
956,Ophelie,Howgego,ohowgegoqj@utexas.edu,Female,cash
957,Daron,Josef,djosefqk@zimbio.com,Male,cash
958,Beverley,Fossey,bfosseyql@spotify.com,Female,gift_certificate
959,Joshia,Papen,jpapenqm@live.com,Male,card
960,Fred,Roughan,froughanqn@timesonline.co.uk,Female,cash
961,Tedra,Theis,ttheisqo@instagram.com,Male,gift_certificate
962,Farlee,Muglestone,fmuglestoneqp@issuu.com,Female,card
963,Deva,Brahm,dbrahmqq@macromedia.com,Female,gift_certificate
964,Mathilde,Boulder,mboulderqr@quantcast.com,Male,gift_certificate
965,Tamma,Wilce,twilceqs@lulu.com,Male,gift_certificate
966,Maurene,Ingall,mingallqt@t-online.de,Female,cash
967,Jennica,Dod,jdodqu@youku.com,Male,cash
968,Francyne,Ettels,fettelsqv@furl.net,Female,gift_certificate
969,Prisca,Sams,psamsqw@amazon.de,Female,cash
970,Amberly,Ruggen,aruggenqx@thetimes.co.uk,Male,card
971,Ruprecht,Cuer,rcuerqy@w3.org,Female,card
972,Chelsie,Toderini,ctoderiniqz@eventbrite.com,Male,cash
973,Trenton,Prestney,tprestneyr0@de.vu,Female,gift_certificate
974,Brendan,Pumfrey,bpumfreyr1@twitpic.com,Female,gift_certificate
975,Korney,Trevance,ktrevancer2@sohu.com,Male,cash
976,Dori,Ivanikov,divanikovr3@digg.com,Female,gift_certificate
977,Angus,Sloegrave,asloegraver4@admin.ch,Male,gift_certificate
978,Ivie,Hunnisett,ihunnisettr5@rambler.ru,Male,gift_certificate
979,Daisi,Hazart,dhazartr6@unicef.org,Male,card
980,Elizabet,Shills,eshillsr7@alexa.com,Male,gift_certificate
981,Marlowe,Grassi,mgrassir8@discovery.com,Male,cash
982,Austina,Giovanni,agiovannir9@domainmarket.com,Female,cash
983,Chantal,MacKaig,cmackaigra@tripod.com,Genderqueer,gift_certificate
984,Teresa,Garms,tgarmsrb@yelp.com,Female,gift_certificate
985,Clemmy,Cavill,ccavillrc@nhs.uk,Bigender,card
986,Dolli,Faustian,dfaustianrd@thetimes.co.uk,Female,gift_certificate
987,Amber,Harraway,aharrawayre@so-net.ne.jp,Female,gift_certificate
988,Devinne,Smalcombe,dsmalcomberf@storify.com,Male,gift_certificate
989,Francesca,Colnet,fcolnetrg@scribd.com,Female,gift_certificate
990,Nixie,Sams,nsamsrh@wufoo.com,Female,card
991,Reagan,Danhel,rdanhelri@columbia.edu,Female,gift_certificate
992,Cecilia,Bowle,cbowlerj@cnn.com,Female,gift_certificate
993,Hadley,Levi,hlevirk@usnews.com,Polygender,cash
994,Imogen,Adamov,iadamovrl@shinystat.com,Male,cash
995,Natividad,Filipov,nfilipovrm@prweb.com,Male,card
996,Elfie,Fend,efendrn@fema.gov,Male,gift_certificate
997,Purcell,Yendall,pyendallro@pbs.org,Female,gift_certificate
998,Latashia,Newlove,lnewloverp@wordpress.com,Genderfluid,cash
999,Mellisa,Cardwell,mcardwellrq@pen.io,Polygender,gift_certificate
1000,Lyda,Congreave,lcongreaverr@scientificamerican.com,Male,card
